A Adair                          , COPART INCAaron Todd III                   , AIR METHODS CORPAbraham Reichental               , 3D SYSTEMS CORPAdam Singer MD                   , IPC HEALTHCARE INCAhmad Chatila                    , SUNEDISON INCAjaypal Banga                    , MASTERCARD INCAjita Rajendra                   , SMITH A O CORPAlain Moni                       , INGRAM MICRO INCAlan Miller                      , UNIVERSAL HEALTH SVCS INCAlan Lafley                      , PROCTER & GAMBLE COAlan Wilson                      , MCCORMICK & CO INCAlan Armstrong                   , WILLIAMS COS INCAlan Gold                        , BIOMED REALTY TRUST INCAlan Levan                       , BBX CAPITAL CORPAlan Hodnik                      , ALLETE INCAlan McKim                       , CLEAN HARBORS INCAlan Miller                      , UNIVERSAL HEALTH RLTY INCOMEAlan Hoskins                     , ENERGIZER HOLDINGS INCAlbert Nahmad                    , WATSCO INCAlbert Stroucken PhD             , OWENS-ILLINOIS INCAlbert Woodring FSA              , REINSURANCE GROUP AMER INCAlbert Benchimol                 , AXIS CAPITAL HOLDINGS LTDAlbert Subbloie Jr               , TANGOE INCAldo Zucaro                      , OLD REPUBLIC INTL CORPAlessandro DiNello               , FLAGSTAR BANCORP INCAlex Molinaroli                  , JOHNSON CONTROLS INCAlex Gorsky                      , JOHNSON & JOHNSONAlex Vaickus                     , WILHELMINA INTERNATIONAL INCAlexander Cutler                 , EATON CORP PLCAlexander Smith                  , PIER 1 IMPORTS INC/DEAlexis Lukianov                  , NUVASIVE INCAlfred Rankin Jr                 , NACCO INDUSTRIES  -CL AAlfred West Jr                   , SEI INVESTMENTS COAlfred Liggins III               , RADIO ONE INCAlfred Festa                     , GRACE W R & COAllan Merrill                    , BEAZER HOMES USA INCAllan Keel                       , CONTANGO OIL & GAS COAllen Shiver                     , FLOWERS FOODS INCAmin Khoury                      , B/E AEROSPACE INCAmin Khoury                      , KLX INCAnand Nallathambi                , CORELOGIC INCAnders Gustafsson                , ZEBRA TECHNOLOGIES CP  -CL AAndr Calantzopoulos              , PHILIP MORRIS INTERNATIONALAndrea Ayers                     , CONVERGYS CORPAndreas Mattes                   , DIEBOLD INCAndrew Duff                      , PIPER JAFFRAY COS INCAndrew Teich                     , FLIR SYSTEMS INCAndrew Liveris                   , DOW CHEMICALAndrew Alexander                 , WEINGARTEN REALTY INVSTAndrew Krakauer                  , CANTEL MEDICAL CORPAndrew Silvernail                , IDEX CORPAndrew Silberfein                , ROUSE PROPERTIES INCAndrew Wilson                    , ELECTRONIC ARTS INCAndrew Jacobs                    , CAPSTEAD MORTGAGE CORPAndrew Mooney                    , QUIKSILVER INCAndrew Rees                      , CROCS INCAndrs Weilert                    , AES CORPAngel Martinez                   , DECKERS OUTDOOR CORPAnil Singhal                     , NETSCOUT SYSTEMS INCAnthony Alexander                , FIRSTENERGY CORPAnthony Petrello                 , NABORS INDUSTRIES LTDAnthony Guzzi                    , EMCOR GROUP INCAnthony Best                     , SM ENERGY COAnthony Aquila                   , SOLERA HOLDINGS INCAnthony Allott                   , SILGAN HOLDINGS INCAnthony Truesdale                , VITAMIN SHOPPE INCAnthony Sanfilippo               , PINNACLE ENTERTAINMENT INCAnthony Earley Jr                , PG&E CORPAnthony Smeraglinolo             , ENGILITY HOLDINGS INCAnthony Moraco                   , SCIENCE APPLICATIONS INTL CPAnthony Thompson                 , KRISPY KREME DOUGHNUTS INCAntonio Urcelay                  , TOYS R US INCAntonio Pietri                   , ASPEN TECHNOLOGY INCAra Hovnanian                    , HOVNANIAN ENTRPRS INC  -CL AAri Bousbib                      , IMS HEALTH HOLDINGS INCArne Sorenson                    , MARRIOTT INTL INCArnold Donald                    , CARNIVAL CORP/PLC USAArthur Zafiropoulo               , ULTRATECH INCArthur Coppola CPA               , MACERICH COArthur Bedrosian JD              , LANNETT CO INCArthur Przybyl                   , ANI PHARMACEUTICALS INCAshok Vemuri                     , IGATE CORPAshton Ryan Jr CPA               , FIRST NBC BANK HOLDING COAugustus McLean III              , WORLD ACCEPTANCE CORP/DEAurelio Aleman-Bermudez          , FIRST BANCORP P RBahram Akradi                    , LIFE TIME FITNESS INCBalu Balakrishnan                , POWER INTEGRATIONS INCBarbara Rentler                  , ROSS STORES INCBarry Diller                     , IAC/INTERACTIVECORPBarry Smith                      , MAGELLAN HEALTH INCBarton Brookman Jr               , PDC ENERGY INCBeatrice Lafon                   , CLAIRES STORES INCBen Leedle Jr                    , HEALTHWAYS INCBenjamin Fowke III               , XCEL ENERGY INCBenjamin Brock PhD               , ASTEC INDUSTRIES INCBenson Smith                     , TELEFLEX INCBernard Duroc-Danner PhD         , WEATHERFORD INTL PLCBernard Saul II                  , SAUL CENTERS INCBernard Clineburg                , CARDINAL FINANCIAL CORPBernardo Hees                    , KRAFT HEINZ COBeth Mooney                      , KEYCORPBlake Krueger                    , WOLVERINE WORLD WIDEBlake Nordstrom                  , NORDSTROM INCBlake DeBerry                    , DRIL-QUIP INCBob Sasser                       , DOLLAR TREE INCBrad Smith                       , INTUIT INCBradley Tilden                   , ALASKA AIR GROUP INCBradley Dodson                   , CIVEO CORPBret Wise                        , DENTSPLY INTERNATL INCBrian Roberts                    , COMCAST CORPBrian Shore                      , PARK ELECTROCHEMICAL CORPBrian Kenney                     , GATX CORPBrian Goldner                    , HASBRO INCBrian Jellison                   , ROPER TECHNOLOGIES INCBrian Moynihan                   , BANK OF AMERICA CORPBrian Concannon                  , HAEMONETICS CORPBrian Bronson                    , RADISYS CORPBrian Lipke                      , GIBRALTAR INDUSTRIES INCBrian Lane                       , COMFORT SYSTEMS USA INCBrian Driscoll                   , DIAMOND FOODS INCBrian Krzanich                   , INTEL CORPBrian Kelley                     , KEURIG GREEN MOUNTAIN INCBrian Cornell                    , TARGET CORPBruce Campbell                   , FORWARD AIR CORPBruce Foster                     , 4LICENSING CORPBruce Efird                      , FREDS INCBruce Williamson                 , CLECO CORPBruce Hoechner                   , ROGERS CORPBruce Cazenave                   , NAUTILUS INCBruce Broussard                  , HUMANA INCBruce Schanzer JD                , CEDAR REALTY TRUST INCBruno Guilmart                   , KULICKE & SOFFA INDUSTRIESBryan Stockton                   , MATTEL INCBryan DeBoer                     , LITHIA MOTORS INC  -CL ABryan Shinn                      , U S SILICA HOLDINGS INCBryan Bedford                    , REPUBLIC AIRWAYS HLDGS INCC Pope                           , SMITHFIELD FOODS INCC Lo                             , NETGEAR INCC Nye                            , MARTIN MARIETTA MATERIALSC McMillon                       , WAL-MART STORES INCC Pickett CPA                    , OMEGA HEALTHCARE INVS INCC Bradley Jr                     , AMERISAFE INCC Sims                           , HOME BANCSHARES INCC Petters                        , HUNTINGTON INGALLS IND INCC Keith Cargill                  , TEXAS CAPITAL BANCSHARES INCCarl Chapman                     , VECTREN CORPCarl Lindner III                 , AMERICAN FINANCIAL GROUP INCCarl Camden                      , KELLY SERVICES INC  -CL ACarl Bass                        , AUTODESK INCCarl Chaney                      , HANCOCK HOLDING COCarl Lee Jr                      , SNYDERS-LANCE INCCarl Rubin                       , MICHAELS COS INCCarl Trowell                     , ENSCO PLCCarlos Cardoso                   , KENNAMETAL INCCarlos Rodriguez                 , AUTOMATIC DATA PROCESSINGCarol Meyrowitz                  , TJX COMPANIES INCChad Carlson                     , STARTEK INCCharles Bunch                    , PPG INDUSTRIES INCCharles Swoboda                  , CREE INCCharles Szews                    , OSHKOSH CORPCharles Davidson                 , NOBLE ENERGY INCCharles Moorman IV               , NORFOLK SOUTHERN CORPCharles Sykes                    , SYKES ENTERPRISES INCCharles Schrock                  , INTEGRYS ENERGY GROUP INCCharles Goodson                  , PETROQUEST ENERGY INCCharles Hageboeck PhD            , CITY HOLDING COCharles Narang                   , NCI INCCharles Liang                    , SUPER MICRO COMPUTER INCCharles Stanley                  , QEP RESOURCES INCCharles Alutto                   , STERICYCLE INCCharles Kummeth                  , BIO-TECHNE CORPCharles Berger                   , EXTREME NETWORKS INCCharles Sherwood PhD             , ANIKA THERAPEUTICS INCCharles Scharf                   , VISA INCCharles Dougherty                , AMERICAN SCIENCE ENGINEERINGCharles Dawson                   , SOUTHSIDE BANCSHARES INCCheryl Bachelder                 , POPEYES LOUISIANA KITCHENChi-Foon Chan PhD                , SYNOPSYS INCChi-Ming Hui                     , PERICOM SEMICONDUCTOR CORPChong Kum                        , HANMI FINANCIAL CORPChris Bauer                      , ANCHOR BANCORP WISCONSIN INCChristopher Twomey               , ARCTIC CAT INCChristopher Connor               , SHERWIN-WILLIAMS COChristopher Kearney              , SPX CORPChristopher Gardner              , VITESSE SEMICONDUCTOR CORPChristopher Pappas               , LUBYS INCChristopher Harris               , MONTPELIER RE HOLDINGSChristopher Crane                , EXELON CORPChristopher Holden               , AMSURG CORPChristopher Oddleifson           , INDEPENDENT BANK CORP/MAChristopher Christensen          , ENSIGN GROUP INCChristopher Martin               , PROVIDENT FINANCIAL SVCS INCChristopher Conway               , CLARCOR INCChristopher O'Kane               , ASPEN INSURANCE HOLDINGS LTDChristopher Swift CPA            , HARTFORD FINANCIAL SERVICESChristopher Klein                , FORTUNE BRANDS HOME & SECURChristopher Eccleshare           , IHEARTMEDIA INCChristopher Mapes                , LINCOLN ELECTRIC HLDGS INCChristopher Myers                , CVB FINANCIAL CORPChristopher Williams             , HCC INSURANCE HOLDINGS INCChristopher Albrecht             , STARZChristopher Nassetta             , HILTON WORLDWIDE HOLDINGSClarence Otis Jr                 , DARDEN RESTAURANTS INCClarence Smith                   , HAVERTY FURNITUREClaude Davis                     , FIRST FINL BANCORP INC/OHClay Williams                    , NATIONAL OILWELL VARCO INCClayton Deutsch                  , BOSTON PRIVATE FINL HOLDINGSClifton Sifford                  , SHOE CARNIVAL INCClifton Pemble                   , GARMIN LTDClinton Severson                 , ABAXIS INCClive Meanwell MD PhD            , MEDICINES COColin Dyer                       , JONES LANG LASALLE INCColin Angle                      , IROBOT CORPColin Marshall                   , CLOUD PEAK ENERGY INCConstance Lau                    , HAWAIIAN ELECTRIC INDSConstantine Macricostas          , PHOTRONICS INCConstantine Iordanou             , ARCH CAPITAL GROUP LTDCraig Smith                      , OWENS & MINOR INCCraig Martin                     , JACOBS ENGINEERING GROUP INCCraig MacNab                     , NATIONAL RETAIL PROPERTIESCraig Nash                       , INTERVAL LEISURE GROUPCraig Rogerson                   , CHEMTURA CORPCraig Morrison                   , HEXION INCCraig Wheeler                    , MOMENTA PHARMACEUTICALS INCCraig Bouchard                   , REAL INDUSTRY INCCraig Bernfield JD               , AVIV REIT INCCraig Leavitt                    , KATE SPADE & COCurt Culver                      , MGIC INVESTMENT CORP/WICurtis Stevens                   , LOUISIANA-PACIFIC CORPCurtis Reusser                   , ESTERLINE TECHNOLOGIES CORPCynthia Taylor                   , OIL STATES INTL INCD Durcan                         , MICRON TECHNOLOGY INCD Davis                          , UNITED PARCEL SERVICE INCD Childers                       , EXTERRAN HOLDINGS INCD Jordan                         , FIRST HORIZON NATIONAL CORPD Bidzos                         , VERISIGN INCDale Barnhart                    , LYDALL INCDamon Hininger                   , CORRECTIONS CORP AMERDan Dinges                       , CABOT OIL & GAS CORPDan Batrack                      , TETRA TECH INCDaniel Amos                      , AFLAC INCDaniel Frierson                  , DIXIE GROUP INCDaniel Feehan                    , CASH AMERICA INTL INCDaniel Starks                    , ST JUDE MEDICAL INCDaniel Hendrix                   , INTERFACE INCDaniel Bernstein                 , BEL FUSE INCDaniel Hamburger                 , DEVRY EDUCATION GROUP INCDaniel McCartney                 , HEALTHCARE SERVICES GROUPDaniel Hurwitz                   , DDR CORPDaniel Moore                     , CYBERONICS INCDaniel Glaser                    , MARSH & MCLENNAN COSDaniel Abdun-Nabi                , EMERGENT BIOSOLUTIONS INCDaniel Jones                     , ENCORE WIRE CORPDaniel Schwartz                  , RESTAURANT BRANDS INTL INCDaniel Hanrahan                  , REGIS CORP/MNDaniel Hansen                    , SUMMIT HOTEL PROPERTIES INCDaniel Coker                     , GENTHERM INCDaniel Schulman                  , PAYPAL HOLDINGS INCDante Parrini                    , GLATFELTERDara Khosrowshahi                , EXPEDIA INCDarin Billerbeck                 , LATTICE SEMICONDUCTOR CORPDarrel Anderson                  , IDACORP INCDarren Jackson                   , ADVANCE AUTO PARTS INCDarren Huston                    , PRICELINE GROUP INCDavid Haffner                    , LEGGETT & PLATT INCDavid Overton                    , CHEESECAKE FACTORY INCDavid Jaffe                      , ASCENA RETAIL GROUP INCDavid Kemper                     , COMMERCE BANCSHARES INCDavid Lesar BSc MBA              , HALLIBURTON CODavid Novak                      , YUM BRANDS INCDavid Hannah                     , RELIANCE STEEL & ALUMINUM CODavid Pyott                      , ALLERGAN INCDavid Aldrich                    , SKYWORKS SOLUTIONS INCDavid Payne                      , WESTAMERICA BANCORPORATIONDavid Farr                       , EMERSON ELECTRIC CODavid Field                      , ENTERCOM COMMUNICATIONS CORPDavid Neithercut                 , EQUITY RESIDENTIALDavid Porges                     , EQT CORPDavid Levin                      , DESTINATION XL GROUP INCDavid Tacelli                    , XCERRA CORPDavid Emery                      , BLACK HILLS CORPDavid Cote JD                    , HONEYWELL INTERNATIONAL INCDavid Dvorak                     , ZIMMER BIOMET HOLDINGS INCDavid Simon                      , SIMON PROPERTY GROUP INCDavid Henry                      , KIMCO REALTY CORPDavid Steiner                    , WASTE MANAGEMENT INCDavid Barger                     , JETBLUE AIRWAYS CORPDavid Welch PhD                  , STONE ENERGY CORPDavid Hess Jr                    , ADVENT SOFTWARE INCDavid Hoster II                  , EASTGROUP PROPERTIESDavid Congdon                    , OLD DOMINION FREIGHTDavid Wentz                      , USANA HEALTH SCIENCES INCDavid Zalman                     , PROSPERITY BANCSHARES INCDavid Yeager                     , HUB GROUP INC  -CL ADavid Cordani                    , CIGNA CORPDavid King                       , LABORATORY CP OF AMER HLDGSDavid Brussard                   , SAFETY INSURANCE GROUP INCDavid Hegarty                    , SENIOR HOUSING PPTYS TRUSTDavid Lissy                      , BRIGHT HORIZONS FAMILY SOLTNDavid Nord                       , HUBBELL INC  -CL BDavid Adams                      , CURTISS-WRIGHT CORPDavid Roberts                    , CARLISLE COS INCDavid Lumley                     , SPECTRUM BRANDS HOLDINGS INCDavid Williams                   , NOBLE CORP PLCDavid Nelms                      , DISCOVER FINANCIAL SVCS INCDavid Fischer                    , GREIF INC  -CL ADavid Brain                      , EPR PROPERTIESDavid Stockert                   , POST PROPERTIES INCDavid Rogers                     , SOVRAN SELF STORAGE INCDavid Seaton                     , FLUOR CORPDavid Dyer                       , CHICOS FAS INCDavid Emery                      , HEALTHCARE REALTY TRUST INCDavid Crane                      , NRG ENERGY INCDavid Zaslav                     , DISCOVERY COMMUNICATIONS INCDavid Starling                   , KANSAS CITY SOUTHERNDavid Grzebinski CFA             , KIRBY CORPDavid Goodin                     , MDU RESOURCES GROUP INCDavid Wenner                     , B&G FOODS INCDavid Driscoll                   , GETTY REALTY CORPDavid Dunlap                     , SUPERIOR ENERGY SERVICES INCDavid Baumgarten                 , BANK MUTUAL CORPDavid Melcher                    , EXELIS INCDavid Blackman                   , GOVERNMENT PPTYS INCOME TRDavid Little                     , DXP ENTERPRISES INCDavid Petratis                   , ALLEGION PLCDavid Reis                       , STRATASYS LTDDavid Dickson                    , MCDERMOTT INTL INCDavid Campisi                    , BIG LOTS INCDavid Mitchell                   , FABRINETDavid Gallitano                  , WELLCARE HEALTH PLANS INCDavid Chernow                    , SELECT MEDICAL HOLDINGS CORPDavid Fisher                     , ENOVA INTERNATIONAL INCDavid Provost                    , TALMER BANCORP INCDavid Nunes                      , RAYONIER INCDawn Zier                        , NUTRISYSTEM INCDawne Hickton Esq                , RTI INTL METALS INCDean Foate                       , PLEXUS CORPDean Scarborough                 , AVERY DENNISON CORPDebra Reed                       , SEMPRA ENERGYDebra Cafaro JD                  , VENTAS INCDeepak Chopra                    , OSI SYSTEMS INCDenise Ramos                     , ITT CORPDenise Morrison                  , CAMPBELL SOUP CODennis Oklak                     , DUKE REALTY CORPDennis Glass                     , LINCOLN NATIONAL CORPDennis Eidson                    , SPARTANNASH CODennis Nelson                    , BUCKLE INCDennis Nixon                     , INTL BANCSHARES CORPDennis Gilmore                   , FIRST AMERICAN FINANCIAL CPDennis Martin                    , FEDERAL SIGNAL CORPDiana Adams                      , AMBAC FINANCIAL GROUP INCDiane Sullivan                   , CALERES INCDinesh Paliwal                   , HARMAN INTERNATIONAL INDSDino Rossi                       , BALCHEM CORP  -CL BDominic Ng                       , EAST WEST BANCORP INCDominic Addesso CPA              , EVEREST RE GROUP LTDDon Kania PhD                    , FEI CODonald Graham                    , GRAHAM HOLDINGS CODonald James JD                  , VULCAN MATERIALS CODonald Tomnitz                   , D R HORTON INCDonald Southwell                 , KEMPER CORP/DEDonald Duda                      , METHODE ELECTRONICS INCDonald Washkewicz                , PARKER-HANNIFIN CORPDonald Brandt                    , PINNACLE WEST CAPITAL CORPDonald Knauss                    , CLOROX CO/DEDonald Wood CPA                  , FEDERAL REALTY INVESTMENT TRDonald Morel Jr PhD              , WEST PHARMACEUTICAL SVSC INCDonald Slager                    , REPUBLIC SERVICES INCDonald Brown MD                  , INTERACTIVE INTELLIGENCE GRPDonald Thompson                  , MCDONALD'S CORPDonald Layton ACIS LLB           , FEDERAL HOME LOAN MORTGCORPDonald Stebbins                  , SUPERIOR INDUSTRIES INTLDonnie Smith                     , TYSON FOODS INC  -CL ADouglas Berthiaume               , WATERS CORPDouglas Oberhelman               , CATERPILLAR INCDouglas Baker Jr                 , ECOLAB INCDouglas Stotlar                  , CON-WAY INCDouglas Ewert                    , MENS WEARHOUSE INCDouglas Milroy                   , G&K SERVICES INC  -CL ADouglas Dirks                    , EMPLOYERS HOLDINGS INCDouglas Tough MBA BBA            , INTL FLAVORS & FRAGRANCESDouglas Yearley Jr               , TOLL BROTHERS INCDouglas Shaw                     , MONOTYPE IMAGING HOLDINGSDouglas Valenti                  , QUINSTREET INCDouglas Peterson                 , MCGRAW HILL FINANCIALDouglas Waggoner                 , ECHO GLOBAL LOGISTICS INCDouglas Lebda                    , LENDINGTREE INCDouglas Bauer                    , TRI POINTE GROUP INCDow Wilson                       , VARIAN MEDICAL SYSTEMS INCDoyle Simons                     , WEYERHAEUSER CODror Niv                         , FXCM INCDunson Cheng PhD                 , CATHAY GENERAL BANCORPDustan McCoy                     , BRUNSWICK CORPDwight Barns                     , NIELSEN NVE Goings                         , TUPPERWARE BRANDS CORPE Wenger                         , FULTON FINANCIAL CORPE Santi                          , ILLINOIS TOOL WORKSEarl Hesterberg Jr               , GROUP 1 AUTOMOTIVE INCEddie Capel                      , MANHATTAN ASSOCIATES INCEdward Fritsch                   , HIGHWOODS PROPERTIES INCEdward Wehmer                    , WINTRUST FINANCIAL CORPEdward Graham                    , SOUTH JERSEY INDUSTRIES INCEdward Heffernan                 , ALLIANCE DATA SYSTEMS CORPEdward Stack                     , DICKS SPORTING GOODS INCEdward Aldag Jr                  , MEDICAL PROPERTIES TRUSTEdward Doheny II                 , JOY GLOBAL INCEdward Bonach                    , CNO FINANCIAL GROUP INCEdward Pettinella                , HOME PROPERTIES INCEdward West                      , EDUCATION MANAGEMENT CORPEdward Rosenfeld                 , MADDEN STEVEN LTDEdward Tilly                     , CBOE HOLDINGS INCEdward Lampert                   , SEARS HOLDINGS CORPEdward Lonergan                  , CHIQUITA BRANDS INTL INCEdward Grady                     , ELECTRO SCIENTIFIC INDS INCEfraim Grinberg                  , MOVADO GROUP INCElazar Rabbani PhD               , ENZO BIOCHEM INCEllen Gordon                     , TOOTSIE ROLL INDUSTRIES INCEllen Kullman                    , DU PONT E I DE NEMOURSEmanuel Chirico                  , PVH CORPEmil Brolick                     , WENDY'S COEric Wiseman                     , VF CORPEric Wintemute                   , AMERICAN VANGUARD CORPEric Kirchner                    , UTI WORLDWIDE INCEric Vetter                      , UNWIRED PLANET INCErik Gershwind                   , MSC INDUSTRIAL DIRECT  -CL AErik Olsson BSc                  , MOBILE MINI INCErrol Ginsberg                   , IXIAEugene Hall                      , GARTNER INCEvan Greenberg                   , ACE LTDF Dueser                         , FIRST FINL BANKSHARES INCF Stepan Jr                      , STEPAN COF Ball                           , HOSPIRA INCF Grasberger III                 , HARSCO CORPF Leighton                       , AKAMAI TECHNOLOGIES INCFabrizio Freda                   , LAUDER ESTEE COS INC -CL AFederico Pignatelli              , BIOLASE INCFrancis Blake                    , HOME DEPOT INCFrancis Kramer                   , II-VI INCFrancis Malecha                  , COMPASS MINERALS INTL INCFrancis Lobo                     , UNITED ONLINE INCFrancisco DSouza                 , COGNIZANT TECH SOLUTIONSFrank Hermance                   , AMETEK INCFrank Martire                    , FIDELITY NATIONAL INFO SVCSFrank Bisignano                  , FIRST DATA CORPFranklin Witney PhD              , AFFYMETRIX INCFrdric Villoutreix               , SCHWEITZER-MAUDUIT INTL INCFred Bauer                       , GENTEX CORPFred Kornberg                    , COMTECH TELECOMMUNFred Lampropoulos                , MERIT MEDICAL SYSTEMS INCFrederick Smith                  , FEDEX CORPFrederick Eppinger Jr            , HANOVER INSURANCE GROUP INCFrederick Waddell                , NORTHERN TRUST CORPFrederick Henderson              , SUNCOKE ENERGY INCFredric Tomczyk                  , TD AMERITRADE HOLDING CORPFriedhelm Blobel PhD             , SCICLONE PHARMACEUTICALS INCFrits van Paasschen              , STARWOOD HOTELS&RESORTS WRLDG Farris                         , APACHE CORPG Tuttle                         , SILICON LABORATORIES INCG Evans                          , INTELIQUENT INCGabriel Tirador                  , MERCURY GENERAL CORPGail Goodman                     , CONSTANT CONTACT INCGale Klappa                      , WEC ENERGY GROUP INCGarry Ridge                      , WD-40 COGarry Rogerson PhD               , ADVANCED ENERGY INDS INCGary Rollins                     , ROLLINS INCGary Loveman PhD                 , CAESARS ENTERTAINMENT CORPGary Smith                       , CIENA CORPGary Kelly                       , SOUTHWEST AIRLINESGary Burnison                    , KORN/FERRY INTERNATIONALGary Guthart PhD                 , INTUITIVE SURGICAL INCGary Rodkin                      , CONAGRA FOODS INCGary Hendrickson                 , VALSPAR CORPGary Kolstad                     , CARBO CERAMICS INCGary Lauer                       , EHEALTH INCGary Schoenfeld                  , PACIFIC SUNWEAR CALIF INCGary Crosby                      , FIRST NIAGARA FINANCIAL GRPGary Heminger                    , MARATHON PETROLEUM CORPGary Maharaj                     , SURMODICS INCGary Dickerson                   , APPLIED MATERIALS INCGary Goldberg                    , NEWMONT MINING CORPGary Rich                        , PARKER DRILLING COGary Halverson                   , CLIFFS NATURAL RESOURCES INCGayla Delly                      , BENCHMARK ELECTRONICS INCGeorge Paz                       , EXPRESS SCRIPTS HOLDING COGeorge Freeman III               , UNIVERSAL CORP/VAGeorge Feldenkreis               , ELLIS PERRY INTL INCGeorge Barrett                   , CARDINAL HEALTH INCGeorge Pedersen                  , MANTECH INTL CORPGeorge Zoley PhD                 , GEO GROUP INCGeorge Oliver                    , TYCO INTERNATIONAL PLCGeorge Gleason                   , BANK OF THE OZARKS INCGeorge Colony                    , FORRESTER RESEARCH INCGeorge Carter                    , FRANKLIN STREET PROPERTIESGeorge Scangos PhD               , BIOGEN INCGeorge Aylward Jr CPA            , VIRTUS INVESTMENT PTNRS INCGeorge Babich Jr                 , CHECKPOINT SYSTEMS INCGeorge Makris Jr                 , SIMMONS FIRST NATL CP  -CL AGeorge Wilkinson                 , IMPAX LABORATORIES INCGerald Blouch                    , INVACARE CORPGerald Shreiber                  , J & J SNACK FOODS CORPGerald Paul                      , VISHAY INTERTECHNOLOGY INCGerald Hassell                   , BANK OF NEW YORK MELLON CORPGerald Perkel                    , PLANAR SYSTEMS INCGerald Colella                   , MKS INSTRUMENTS INCGerald Lipkin                    , VALLEY NATIONAL BANCORPGerald Volas                     , TOPBUILD CORPGerard Anderson                  , DTE ENERGY COGerard Host                      , TRUSTMARK CORPGerhard Burbach                  , THORATEC CORPGideon Wertheizer                , CEVA INCGlen Post III                    , CENTURYLINK INCGlen Tellock                     , MANITOWOC COGlen Messina                     , PHH CORPGlenn Renwick                    , PROGRESSIVE CORP-OHIOGlenn Lyon                       , FINISH LINE INC  -CL AGlenn Darden                     , QUICKSILVER RESOURCES INCGlenn Murphy BA                  , GAP INCGordon Hunter                    , LITTELFUSE INCGracia Martore                   , TEGNA INCGraham Weston                    , RACKSPACE HOSTING INCGreg Garland                     , PHILLIPS 66Gregg Kantor                     , NORTHWEST NATURAL GAS COGregg Tanner                     , DEAN FOODS COGregg Sherrill                   , TENNECO INCGregg Sengstack                  , FRANKLIN ELECTRIC CO INCGregg Engles                     , WHITEWAVE FOODS COGregory Murphy                   , SELECTIVE INS GROUP INCGregory Werner                   , WERNER ENTERPRISES INCGregory Abel                     , BERKSHIRE HATHAWAY ENERGY COGregory Henslee                  , O'REILLY AUTOMOTIVE INCGregory Johnson CPA              , FRANKLIN RESOURCES INCGregory Brown                    , MOTOROLA SOLUTIONS INCGregory Becker                   , SVB FINANCIAL GROUPGregory Boyce                    , PEABODY ENERGY CORPGregory Case                     , AON PLCGregory Mays                     , SIMON WORLDWIDE INCGregory Wasson                   , WALGREENS BOOTS ALLIANCE INCGregory Ebel                     , SPECTRA ENERGY CORPGregory Christopher              , MUELLER INDUSTRIESGregory Weishar                  , PHARMERICA CORPGregory Cappelli                 , APOLLO EDUCATION GROUP INCGregory Sandfort                 , TRACTOR SUPPLY COGregory Lang                     , PMC-SIERRA INCGregory Abel                     , PACIFICORPGregory Goff                     , TESORO CORPGregory Kenny                    , GENERAL CABLE CORP/DEGregory Probert                  , NATURES SUNSHINE PRODS INCGregory Trojan                   , BJ'S RESTAURANTS INCGregory Garrabrants              , BOFI HOLDING INCGregory Stapley                  , CARETRUST REIT INCGregory Waters                   , INTEGRATED DEVICE TECH INCGuenther Braun                   , ROFIN SINAR TECHNOLOGIES INCGuy Gecht                        , ELECTRONICS FOR IMAGING INCH Culp Jr                        , DANAHER CORPH Whitehead                      , PENN VIRGINIA CORPH Bolton Jr                      , MID-AMERICA APT CMNTYS INCH Killingstad                    , TENNANT COHamid Moghadam                   , PROLOGIS INCHarold Messmer Jr                , ROBERT HALF INTL INCHarris Simmons                   , ZIONS BANCORPORATIONHarry Herington                  , NIC INCHarvey Kanter                    , BLUE NILE INCHeather Bresch                   , MYLAN NVHenrik Slipsager                 , ABM INDUSTRIES INCHenry Gerkens                    , LANDSTAR SYSTEM INCHenry Herrmann CFA               , WADDELL&REED FINL INC  -CL AHenry Theisen                    , BEMIS CO INCHenry Fernandez                  , MSCI INCHenry Dubois                     , HOOPER HOLMES INCHerve Hoppenot                   , INCYTE CORPHikmet Ersek                     , WESTERN UNION COHock Tan                         , AVAGO TECHNOLOGIES LTDHoward Woltz III                 , INSTEEL INDUSTRIESHoward Schultz                   , STARBUCKS CORPHoward Levine                    , FAMILY DOLLAR STORESHoward Root                      , VASCULAR SOLUTIONS INCHoward Robin                     , NEKTAR THERAPEUTICSHubert Joly                      , BEST BUY CO INCHugh Grant                       , MONSANTO COIan Cook                         , COLGATE-PALMOLIVE COIan Read                         , PFIZER INCIlene Gordon                     , INGREDION INCIndra Nooyi MPPM                 , PEPSICO INCInge Thulin                      , 3M COIrene Rosenfeld                  , MONDELEZ INTERNATIONAL INCIrene Dorner                     , HSBC USA INCIrwin Simon                      , HAIN CELESTIAL GROUP INCIvor Evans                       , MERITOR INCJ Harrison III                   , COCA-COLA BTLNG CONSJ Gallagher Jr                   , ARTHUR J GALLAGHER & COJ Hudson                         , SONIC CORPJ Ness LLIF                      , STANCORP FINANCIAL GROUP INCJ Sikkel                         , ALLIANCE ONE INTL INCJ Burgess                        , AEGION  CORPJ Coleman                        , UNISYS CORPJ Raines                         , GAMESTOP CORPJ Brown CPCU                     , BROWN & BROWN INCJ Douglas                        , COMPUTER PROGRAMS & SYSTEMSJ Gilligan BA                    , CAPELLA EDUCATION COJ Cooney                         , INTERNAP CORPJ Pearson                        , ORION MARINE GROUP INCJ Di Valerio                     , OUTERWALL INCJ Craft PE                       , APPROACH RESOURCES INCJ Doyle                          , DOMINO'S PIZZA INCJack Golsen                      , LSB INDUSTRIES INCJack Moore                       , CAMERON INTERNATIONAL CORPJack Hockema                     , KAISER ALUMINUM CORPJack Kopnisky                    , STERLING BANCORPJack Howard                      , HANDY & HARMAN LTDJack Howard                      , STEEL EXCEL INCJack Khattar                     , SUPERNUS PHARMACEUTICALS INCJae Whan Yoo                     , WILSHIRE BANCORP INCJames Tisch                      , LOEWS CORPJames Schwartz                   , NPC RESTAURANT HOLDINGS LLCJames Hagedorn                   , SCOTTS MIRACLE-GRO COJames Kennedy CFA                , PRICE T ROWE GROUPJames McManus II                 , ENERGEN CORPJames Boldt                      , COMPUTER TASK GROUP INCJames Truchard PhD               , NATIONAL INSTRUMENTS CORPJames Smith                      , WEBSTER FINANCIAL CORPJames Donahue                    , COHU INCJames O'Brien                    , ASHLAND INCJames Wainscott                  , AK STEEL HOLDING CORPJames Peterson                   , MICROSEMI CORPJames Murren                     , MGM RESORTS INTERNATIONALJames Foster JD                  , CHARLES RIVER LABS INTL INCJames Heppelmann                 , PTC INCJames Ryan                       , GRAINGER W W INCJames Welch                      , YRC WORLDWIDE INCJames Metcalf                    , USG CORPJames Robo                       , NEXTERA ENERGY INCJames Cashman III                , ANSYS INCJames Dimon                      , JPMORGAN CHASE & COJames Roberts                    , GRANITE CONSTRUCTION INCJames Craigie                    , CHURCH & DWIGHT INCJames Edmiston                   , HARVEST NATURAL RESOURCESJames Gober                      , INFINITY PROPERTY & CAS CORPJames Torgesrson                 , UIL HOLDINGS CORPJames Green                      , ANALOGIC CORPJames Taiclet Jr                 , AMERICAN TOWER CORPJames Ross                       , SWS GROUP INCJames Hawkins                    , NATUS MEDICAL INCJames Cracchiolo                 , AMERIPRISE FINANCIAL INCJames DeCosmo                    , FORESTAR GROUP INCJames Cleary Jr                  , MWI VETERINARY SUPPLYJames Meyer                      , SIRIUS XM HOLDINGS INCJames Herbert II                 , FIRST REPUBLIC BANKJames Owens                      , FULLER H B COJames Moroney III                , A H BELO CORPJames Whitehurst                 , RED HAT INCJames Hyde                       , NTELOS HOLDINGS CORPJames Gorman                     , MORGAN STANLEYJames O'Neil III                 , QUANTA SERVICES INCJames Dolan                      , CABLEVISION SYS CORP  -CL AJames Connor                     , TECUMSEH PRODUCTS COJames Reid-Anderson              , SIX FLAGS ENTERTAINMENT CORPJames Prokopanko                 , MOSAIC COJames Heistand                   , PARKWAY PROPERTIES INCJames Verrier                    , BORGWARNER INCJames Dennedy                    , AGILYSYS INCJames Lillie                     , JARDEN CORPJames Craddock                   , ROSETTA RESOURCES INCJames Gallogly                   , LYONDELLBASELL INDUSTRIES NVJames Brear                      , PROCERA NETWORKS INCJames Rollins III                , BANCORPSOUTH INCJames Hughes                     , FIRST SOLAR INCJames Pope CFA                   , SWK HOLDINGS CORPJames Chambers                   , WEIGHT WATCHERS INTL INCJames Francis                    , CHESAPEAKE LODGING TRUSTJames Schoeneck                  , DEPOMED INCJames Price                      , EXAMWORKS GROUP INCJamie Sokalsky BComm C           , BARRICK GOLD CORPJane Elfers                      , CHILDRENS PLACE INCJason Lippert                    , DREW INDUSTRIES INCJason Rhode PhD                  , CIRRUS LOGIC INCJay Stein                        , STEIN MART INCJay Fishman                      , TRAVELERS COS INCJay Gellert                      , HEALTH NET INCJay Schottenstein                , AMERN EAGLE OUTFITTERS INCJay Grinney                      , HEALTHSOUTH CORPJay Sugarman                     , ISTAR INCJay Freeland                     , FARO TECHNOLOGIES INCJay Luly PhD                     , ENANTA PHARMACEUTICALS INCJean Madar                       , INTER PARFUMS INCJeff Fettig                      , WHIRLPOOL CORPJeff Stevens                     , WESTERN REFINING INCJeffery Yabuki                   , FISERV INCJeffery Gardner                  , WINDSTREAM HOLDINGS INCJeffery Smisek                   , UNITED CONTINENTAL HLDGS INCJeffrey Lorberbaum               , MOHAWK INDUSTRIES INCJeffrey Bezos                    , AMAZONCOM INCJeffrey Mezger                   , KB HOMEJeffrey Smulyan JD               , EMMIS COMMUNICATIONS CP-CL AJeffrey Immelt                   , GENERAL ELECTRIC COJeffrey Weiss                    , AMERICAN GREETINGS  -CL AJeffrey Bewkes                   , TIME WARNER INCJeffrey Shaw                     , SOUTHWEST GAS CORPJeffrey Ettinger                 , HORMEL FOODS CORPJeffrey Platt                    , TIDEWATER INCJeffrey Olson                    , EQUITY ONE INCJeffrey Sprecher                 , INTERCONTINENTAL EXCHANGEJeffrey Davis                    , PERFICIENT INCJeffrey Ventura                  , RANGE RESOURCES CORPJeffrey Katzenberg               , DREAMWORKS ANIMATION INCJeffrey Benck                    , EMULEX CORPJeffrey Gordon                   , SYNIVERSE HOLDINGS INCJeffrey Storey                   , LEVEL 3 COMMUNICATIONS INCJeffrey Maggioncalda             , FINANCIAL ENGINES INCJeffrey Nagel                    , NBTY INCJeffrey Leiden MD PhD            , VERTEX PHARMACEUTICALS INCJeffrey Bradley                  , GLOBE SPECIALTY METALS INCJeffrey Graves PhD               , MTS SYSTEMS CORPJeffrey Berg CFA                 , NTN BUZZTIME INCJeffrey Friedman                 , ASSOCIATED ESTATES RLTY CORPJeffrey Niew                     , KNOWLES CORPJeffrey Slovin                   , SIRONA DENTAL SYSTEMS INCJeffrey Feeler CPA               , US ECOLOGY INCJeffrey Yordon                   , SAGENT PHARMACEUTICALS INCJeffrey Clarke                   , EASTMAN KODAK COJeffrey Musser                   , EXPEDITORS INTL WASH INCJeffry Rosenthal                 , HIBBETT SPORTS INCJeffry Frisby                    , TRIUMPH GROUP INCJen-Hsun Huang                   , NVIDIA CORPJerome Peribere                  , SEALED AIR CORPJerry Atkin                      , SKYWEST INCJimmy Tallent                    , UNITED COMMUNITY BANKS INCJoe Sanderson Jr                 , SANDERSON FARMS INCJoe Raver                        , HILLENBRAND INCJoe Kiani                        , MASIMO CORPJoel Marcus JD CPA               , ALEXANDRIA R E EQUITIES INCJoel Hawthorne                   , GRAFTECH INTERNATIONAL LTDJoey Agree                       , AGREE REALTY CORPJohn Hess                        , HESS CORPJohn Luke Jr                     , MEADWESTVACO CORPJohn McConnell                   , WORTHINGTON INDUSTRIESJohn Chambers                    , CISCO SYSTEMS INCJohn Gerlach Jr                  , LANCASTER COLONY CORPJohn Wren                        , OMNICOM GROUPJohn Derham Cato                 , CATO CORP  -CL AJohn Johns                       , PROTECTIVE LIFE CORPJohn Sztykiel                    , SPARTAN MOTORS INCJohn Conway Jr                   , CROWN HOLDINGS INCJohn Hammergren                  , MCKESSON CORPJohn Ambroseo PhD                , COHERENT INCJohn Ramil                       , TECO ENERGY INCJohn Schnatter                   , PAPA JOHNS INTERNATIONAL INCJohn Martin PhD                  , GILEAD SCIENCES INCJohn Wiehoff                     , C H ROBINSON WORLDWIDE INCJohn Fan                         , KOPIN CORPJohn Daane                       , ALTERA CORPJohn Donahue                     , FEDERATED INVESTORS INCJohn Standley                    , RITE AID CORPJohn Eaves                       , ARCH COAL INCJohn Murray                      , HOSPITALITY PROPERTIES TRUSTJohn Kilroy Jr                   , KILROY REALTY CORPJohn Lechleiter PhD              , LILLY ELI & COJohn Gilbertson                  , AVX CORPJohn Faraci                      , INTL PAPER COJohn Remondi                     , NAVIENT CORPJohn Watson                      , CHEVRON CORPJohn Strangfeld Jr               , PRUDENTIAL FINANCIAL INCJohn Stumpf                      , WELLS FARGO & COJohn Finnegan                    , CHUBB CORPJohn Prim                        , HENRY JACK & ASSOCIATESJohn Haley                       , TOWERS WATSON & COJohn Ferriola                    , NUCOR CORPJohn Orr                         , MYERS INDUSTRIES INCJohn Richels                     , DEVON ENERGY CORPJohn McGlade                     , AIR PRODUCTS & CHEMICALS INCJohn Bryant                      , KELLOGG COJohn Koraleski                   , UNION PACIFIC CORPJohn Lundgren                    , STANLEY BLACK & DECKER INCJohn Russell                     , CMS ENERGY CORPJohn McAdam                      , F5 NETWORKS INCJohn Walsh Jr                    , UGI CORPJohn Donahoe II                  , EBAY INCJohn Stroup                      , BELDEN INCJohn Krauetler                   , MERIDIAN BIOSCIENCE INCJohn Lindsay                     , HELMERICH & PAYNEJohn Brock III                   , COCA-COLA ENTERPRISES INCJohn Bilbrey                     , HERSHEY COJohn Hayes                       , BALL CORPJohn Somerhalder II              , AGL RESOURCES INCJohn Gremp                       , FMC TECHNOLOGIES INCJohn Farahi                      , MONARCH CASINO & RESORT INCJohn Kite                        , KITE REALTY GROUP TRUSTJohn Marr Jr                     , TYLER TECHNOLOGIES INCJohn Peeler                      , VEECO INSTRUMENTS INCJohn Kemper                      , UMB FINANCIAL CORPJohn Morgan                      , ZEP INCJohn Scannell                    , MOOG INC  -CL AJohn Hill III                    , CALPINE CORPJohn McLaughlin JD               , PDL BIOPHARMA INCJohn Young                       , ENERGY FUTURE HOLDINGS CORPJohn Van Heel                    , MONRO MUFFLER BRAKE INCJohn O'Donnell                   , NEENAH PAPER INCJohn Barnes                      , PEOPLE'S UNITED FINL INCJohn Greisch                     , HILL-ROM HOLDINGS INCJohn Dean Jr                     , CENTRAL PACIFIC FINANCIAL CPJohn Case                        , REALTY INCOME CORPJohn Thain                       , CIT GROUP INCJohn Calamos Sr                  , CALAMOS ASSET MANAGEMENT INCJohn Williams BA                 , DOMTAR CORPJohn Hewitt                      , MATRIX SERVICE COJohn Craig                       , ENERSYS INCJohn Roberts III                 , HUNT JB TRANSPRT SVCS INCJohn Varian                      , XOMA CORPJohn Miller                      , DENNYS CORPJohn Lawrie                      , COMPUTER SCIENCES CORPJohn Hellmann                    , GENESEE & WYOMING INC  -CL AJohn Addison Jr                  , PRIMERICA INCJohn Chisholm                    , FLOTEK INDUSTRIES INCJohn Boucher                     , MODUSLINK GLOBAL SOLUTIONSJohn Chamberlain                 , AMERICAN ASSETS TRUST INCJohn Philpin                     , LYRIS INCJohn Ranelli                     , CENTRAL GARDEN & PET COJohn Higgins                     , LIGAND PHARMACEUTICAL INCJohn Idol                        , MICHAEL KORS HOLDINGS LTDJohn McAvoy                      , CONSOLIDATED EDISON INCJohn Charman                     , ENDURANCE SPECIALTY HOLDINGSJohn Matovina                    , AMERICAN EQTY INVT LIFE HLDGJohn Bardis                      , MEDASSETS INCJohn Forney CFA                  , UNITED INSURANCE HOLDINGS COJohn Chiminski                   , CATALENT INCJohn Alexander                   , NORTHFIELD BANCORP INCJon Kirchner                     , DTS INCJon Kessler                      , HEALTHEQUITY INCJonas Prising                    , MANPOWERGROUPJonathan Michael                 , RLI CORPJonathan Ayers                   , IDEXX LABS INCJonathan Gacek                   , QUANTUM CORPJonathan Baliff                  , BRISTOW GROUP INCJonathan Steinberg JD            , WISDOMTREE INVESTMENTS INCJordan Kaplan                    , DOUGLAS EMMETT INCJose Mas                         , MASTEC INCJose Almeida                     , COVIDIEN PLCJose Fernandez                   , OFG BANCORPJosef von Rickenbach             , PAREXEL INTERNATIONAL CORPJoseph Ficalora                  , NEW YORK CMNTY BANCORP INCJoseph Corasanti Esq             , CONMED CORPJoseph Rupp                      , OLIN CORPJoseph Brown Jr                  , MBIA INCJoseph Dunsmore                  , DIGI INTERNATIONAL INCJoseph Tucci                     , EMC CORP/MAJoseph Sullivan                  , LEGG MASON INCJoseph Rigby                     , PEPCO HOLDINGS INCJoseph Morone PhD                , ALBANY INTL CORP  -CL AJoseph Hooley                    , STATE STREET CORPJoseph Scaminace                 , OM GROUP INCJoseph Russell Jr                , PS BUSINESS PARKSJoseph Bartolacci                , MATTHEWS INTL CORP  -CL AJoseph Gorder                    , VALERO ENERGY CORPJoseph Molina MD                 , MOLINA HEALTHCARE INCJoseph Coradino                  , PENNSYLVANIA RE INVS TRUSTJoseph Papa                      , PERRIGO CO PLCJoseph Gingo                     , SCHULMAN A INCJoseph Liu                       , OPLINK COMMUNICATIONS INCJoseph Alvarado                  , COMMERCIAL METALSJoseph Clayton CPA               , DISH NETWORK CORPJoseph Puishys                   , APOGEE ENTERPRISES INCJoseph Woody                     , KINETIC CONCEPTS INCJoseph Jackson                   , WAGEWORKS INCJoseph Swedish                   , ANTHEM INCJoseph Ripp                      , TIME INCJoseph Yorio                     , SCHOOL SPECIALTY INCJoseph Eazor                     , EARTHLINK HOLDINGS CORPJoshua Collins                   , BLOUNT INTL INCJoshua Sapan                     , AMC NETWORKS INCJoshua Comstock                  , C&J ENERGY SERVICES LTDJuan Alaix                       , ZOETIS INCJudy McReynolds                  , ARCBEST CORPJulia Stewart                    , DINEEQUITY INCJulie Howard                     , NAVIGANT CONSULTING INCJulien Mininberg                 , HELEN OF TROY LTDJulio Quintana                   , TESCO CORPJure Sola                        , SANMINA CORPKaren Katz                       , NEIMAN MARCUS GROUP INCKaren Colonias                   , SIMPSON MANUFACTURING INCKarl McDonnell                   , STRAYER EDUCATION INCKatherine Krill                  , ANN INCKeh-Shew Lu PhD                  , DIODES INCKeith Walters                    , ENNIS INCKeith Nosbusch                   , ROCKWELL AUTOMATIONKeith Smith                      , BOYD GAMING CORPKeith Murdoch AC                 , TWENTY-FIRST CENTURY FOX INCKeith Myers                      , LHC GROUP INCKeith Wandell                    , HARLEY-DAVIDSON INCKeith Allman                     , MASCO CORPKelly King                       , BB&T CORPKelly Conway                     , MATTERSIGHT CORPKen Xie                          , FORTINET INCKendall Powell                   , GENERAL MILLS INCKenneth Chenault                 , AMERICAN EXPRESS COKenneth Bernstein JD             , ACADIA REALTY TRUSTKenneth Frazier                  , MERCK & COKenneth McBride                  , STAMPSCOM INCKenneth Lowe                     , SCRIPPS NETWORKS INTERACTIVEKenneth Tuchman                  , TELETECH HOLDINGS INCKenneth Hicks                    , FOOT LOCKER INCKenneth Lamneck                  , INSIGHT ENTERPRISES INCKenneth Asbury                   , CACI INTL INC  -CL AKenneth Vecchione                , ENCORE CAPITAL GROUP INCKenneth Esterow                  , BANKRATE INCKent Thiry                       , DAVITA HEALTHCARE PARTNERSKent Guichard                    , AMERICAN WOODMARK CORPKessel Stelling Jr               , SYNOVUS FINANCIAL CORPKevin McNamara                   , CHEMED CORPKevin Mansell                    , KOHL'S CORPKevin Marsh                      , SCANA CORPKevin McMullen                   , OMNOVA SOLUTIONS INCKevin Kabat                      , FIFTH THIRD BANCORPKevin Modany                     , ITT EDUCATIONAL SERVICES INCKevin Knight                     , KNIGHT TRANSPORTATION INCKevin Plank                      , UNDER ARMOUR INCKevin Murai                      , SYNNEX CORPKevin Crutchfield                , ALPHA NATURAL RESOURCES INCKevin Fogarty                    , KRATON PERFORMANCE POLYMERSKevin Lynch                      , ORITANI FINANCIAL CORPKevin Lobo                       , STRYKER CORPKevin Thompson                   , SOLARWINDS INCKevin Kennedy PhD                , AVAYA INCKevin Hanigan                    , LEGACY TEX FINANCIAL GRP INCKevin O'Donnell                  , RENAISSANCERE HOLDINGS LTDKevin Kim                        , BBCN BANCORP INCKieran Gallahue                  , CAREFUSION CORPKieran O'Sullivan                , CTS CORPKim Cocklin                      , ATMOS ENERGY CORPKimberly McWaters                , UNIVERSAL TECHNICAL INSTKimberly Harris                  , PUGET ENERGY INCKimberly Lubel                   , CST BRANDS INCKirk Benson                      , HEADWATERS INCKirk Meche                       , GULF ISLAND FABRICATION INCKlaus-Christian Kleinfeld PhD re , ALCOA INCKosta Kartsotis                  , FOSSIL GROUP INCKraig Kayser                     , SENECA FOODS CORPKrishan Canekeratne              , VIRTUSA CORPKurt Darrow                      , LA-Z-BOY INCLamberto Andreotti               , BRISTOL-MYERS SQUIBB COLarry Mizel                      , MDC HOLDINGS INCLarry Merlo                      , CVS HEALTH CORPLarry Pinkston                   , UNIT CORPLarry Zimpleman                  , PRINCIPAL FINANCIAL GRP INCLarry Hutchison                  , TORCHMARK CORPLarry Nicholson                  , RYLAND GROUP INCLarry Richman                    , PRIVATEBANCORP INCLarry Young                      , DR PEPPER SNAPPLE GROUP INCLaura Alber                      , WILLIAMS-SONOMA INCLauralee Martin                  , HCP INCLaurence Downes                  , NEW JERSEY RESOURCES CORPLaurence Fink                    , BLACKROCK INCLawrence Sills                   , STANDARD MOTOR PRODSLawrence Page                    , GOOGLE INCLawrence Gellerstedt III         , COUSINS PROPERTIES INCLawrence Kingsley                , PALL CORPLecil Cole                       , CALAVO GROWERS INCLee Boothby                      , NEWFIELD EXPLORATION COLee Schram                       , DELUXE CORPLee Tillman                      , MARATHON OIL CORPLeo Denault                      , ENTERGY CORPLeonard Schleifer MD Ph          , REGENERON PHARMACEUTICALSLeonard Comma                    , JACK IN THE BOX INCLeonard Bell MD                  , ALEXION PHARMACEUTICALS INCLeRoy Carlson Jr                 , TELEPHONE & DATA SYSTEMS INCLesa Kennedy                     , INTL SPEEDWAY CORP  -CL ALeslie Wexner                    , L BRANDS INCLeslie Moonves II                , CBS CORPLew Frankfort                    , COACH INCLinda Massman                    , CLEARWATER PAPER CORPLip-Bu Tan                       , CADENCE DESIGN SYSTEMS INCLisa Hook                        , NEUSTAR INCLloyd Blankfein                  , GOLDMAN SACHS GROUP INCLloyd Carney                     , BROCADE COMMUNICATIONS SYSLothar Maier                     , LINEAR TECHNOLOGY CORPLouis Chenevert                  , UNITED TECHNOLOGIES CORPLouis DiNardo                    , EXAR CORPLouis Hernandez Jr               , AVID TECHNOLOGY INCLowell McAdam                    , VERIZON COMMUNICATIONS INCLuAnn Via                        , CHRISTOPHER & BANKS CORPLudwig Hantson PhD               , BAXALTA INCLuther Kissam IV                 , ALBEMARLE CORPLynn Good                        , DUKE ENERGY CORPM Kathwari                       , ETHAN ALLEN INTERIORS INCM McEvoy                         , OCEANEERING INTERNATIONALM Sanders                        , SONOCO PRODUCTS COM Turner                         , PINNACLE FINL PARTNERS INCMalon Wilkus                     , AMERICAN CAPITAL LTDManuel Perez de la Mesa          , POOL CORPMarc Casper                      , THERMO FISHER SCIENTIFIC INCMarc Benioff                     , SALESFORCECOM INCMarc Grodman MD                  , BIO REFERENCE LABSMarc Holliday                    , SL GREEN REALTY CORPMarc Lautenbach                  , PITNEY BOWES INCMarc Edwards                     , DIAMOND OFFSHRE DRILLING INCMarc Sheinbaum                   , HIGHER ONE HOLDINGS INCMarcelo Claure                   , SPRINT CORPMargaret Whitman                 , HEWLETT-PACKARD COMarillyn Hewson                  , LOCKHEED MARTIN CORPMario Longhi                     , UNITED STATES STEEL CORPMarissa Mayer                    , YAHOO INCMarita Zuraitis                  , HORACE MANN EDUCATORS CORPMark Parker                      , NIKE INC  -CL BMark Donegan                     , PRECISION CASTPARTS CORPMark Templeton                   , CITRIX SYSTEMS INCMark Millett                     , STEEL DYNAMICS INCMark Dankberg                    , VIASAT INCMark Mondello                    , JABIL CIRCUIT INCMark Kowlzan                     , PACKAGING CORP OF AMERICAMark Goldstein                   , ACTUANT CORP  -CL AMark Ruelle                      , WESTAR ENERGY INCMark DeYoung                     , ORBITAL ATK INCMark Gliebe                      , REGAL BELOIT CORPMark Thompson                    , FAIRCHILD SEMICONDUCTOR INTLMark Jagiela                     , TERADYNE INCMark Blinn                       , FLOWSERVE CORPMark Zalatoris CPA               , INLAND REAL ESTATE CORPMark Bertolini                   , AETNA INCMark Costa                       , EASTMAN CHEMICAL COMark O'Neil                      , DEALERTRACK TECHNOLOGIES INCMark Brugger JD                  , DIAMONDROCK HOSPITALITY COMark Aslett                      , MERCURY SYSTEMS INCMark Tryniski                    , COMMUNITY BANK SYSTEM INCMark Lucas                       , IMATION CORPMark Comerford                   , HAYNES INTERNATIONAL INCMark Sarvary                     , TEMPUR SEALY INTL INCMark Grescovich                  , BANNER CORPMark Thompson                    , NEW YORK TIMES CO  -CL AMark Breitbard                   , GYMBOREE CORPMark Trudeau                     , MALLINCKRODT PLCMark Zuckerberg                  , FACEBOOK INCMark DiBlasi                     , ROADRUNNER TRANS SVCS HLDGSMark Ordan                       , WP GLIMCHER INCMark Gibson                      , HFF INCMark Dunkerley                   , HAWAIIAN HOLDINGS INCMark DeYoung                     , VISTA OUTDOOR INCMark Vergnano                    , CHEMOURS CO THEMartin Singer PhD                , PCTEL INCMartin Richenhagen               , AGCO CORPMartin Stein Jr                  , REGENCY CENTERS CORPMartin Anstice                   , LAM RESEARCH CORPMartin Flanagan CFA CPA          , INVESCO LTDMartin Roper                     , BOSTON BEER INC  -CL AMartin Craighead                 , BAKER HUGHES INCMartin Barrington                , ALTRIA GROUP INCMartin Dietrich                  , N B T BANCORP INCMartine Rothblatt PhD MB         , UNITED THERAPEUTICS CORPMarvin Chronister BA             , BONANZA CREEK ENERGY INCMary Junck                       , LEE ENTERPRISES INCMary Puma                        , AXCELIS TECHNOLOGIES INCMary Wilderotter                 , FRONTIER COMMUNICATIONS CORPMary Barra                       , GENERAL MOTORS COMary Laschinger                  , VERITIV CORPMaryjo Cohen                     , NATIONAL PRESTO INDS INCMatthew Cox                      , MATSON INCMatthew Missad CPA               , UNIVERSAL FOREST PRODS INCMatthew Morris                   , STEWART INFORMATION SERVICESMatthew Simoncini                , LEAR CORPMatthew Wagner                   , PACWEST BANCORPMatthew Mannelly                 , PRESTIGE BRANDS HOLDINGSMatthew Desch                    , IRIDIUM COMMUNICATIONS INCMaurice Taylor Jr                , TITAN INTERNATIONAL INCMaurice Gallagher Jr             , ALLEGIANT TRAVEL COMax Mitchell                     , CRANE COMelanie Dressel                  , COLUMBIA BANKING SYSTEM INCMelissa Smith                    , WEX INCMenderes Akdag                   , PETMED EXPRESS INCMichael Kowalski                 , TIFFANY & COMichael Jeffries                 , ABERCROMBIE & FITCH  -CL AMichael Hoffman                  , TORO COMichael Saylor                   , MICROSTRATEGY INCMichael Strianese                , L-3 COMMUNICATIONS HLDGS INCMichael Jackson                  , AUTONATION INCMichael Mussallem                , EDWARDS LIFESCIENCES CORPMichael Thaman                   , OWENS CORNINGMichael Ward                     , CSX CORPMichael Barry                    , QUAKER CHEMICAL CORPMichael Long                     , ARROW ELECTRONICS INCMichael Scudder                  , FIRST MIDWEST BANCORP INCMichael McAndrew                 , BLACK BOX CORPMichael Schall CPA               , ESSEX PROPERTY TRUSTMichael Kneeland                 , UNITED RENTALS INCMichael Lamach                   , INGERSOLL-RAND PLCMichael Gerdin                   , HEARTLAND EXPRESS INCMichael Kasbar                   , WORLD FUEL SERVICES CORPMichael Roth                     , INTERPUBLIC GROUP OF COSMichael Price                    , PLATINUM UNDERWRITERS HLDGMichael Blodnick                 , GLACIER BANCORP INCMichael Molinini                 , AIRGAS INCMichael Fifer                    , STURM RUGER & CO INCMichael Covey                    , POTLATCH CORPMichael Bless                    , CENTURY ALUMINUM COMichael Anderson                 , ANDERSONS INCMichael Odell                    , PEP BOYS-MANNY MOE & JACKMichael Barnello                 , LASALLE HOTEL PROPERTIESMichael Koehler                  , TERADATA CORPMichael Neidorff                 , CENTENE CORPMichael Rapino                   , LIVE NATION ENTERTAINMENTMichael Siegal                   , OLYMPIC STEEL INCMichael Baur                     , SCANSOURCE INCMichael McGavick                 , XL GROUP PLCMichael O'Donnell                , RUTHS HOSPITALITY GROUP INCMichael Burke                    , AECOM INCMichael Casey                    , CARTER'S INCMichael Prior                    , ATLANTIC TELE-NETWORK INCMichael Moore                    , GULFPORT ENERGY CORPMichael Hsing                    , MONOLITHIC POWER SYSTEMS INCMichael Hilton                   , NORDSON CORPMichael Simon                    , LOGMEIN INCMichael Corbat                   , CITIGROUP INCMichael White                    , DIRECTVMichael Reger                    , NORTHERN OIL & GAS INCMichael Barnes                   , SIGNET JEWELERS LTDMichael Jennings                 , HOLLYFRONTIER CORPMichael Arnold                   , RYERSON HOLDING CORPMichael Polk                     , NEWELL RUBBERMAID INCMichael Mahoney                  , BOSTON SCIENTIFIC CORPMichael MacDonald                , MEDIFAST INCMichael Durney                   , DHI GROUP INCMichael Lucas                    , POWELL INDUSTRIES INCMichael Minogue                  , ABIOMED INCMichael Decata                   , LAWSON PRODUCTSMichael Glazer                   , STAGE STORES INCMichael Gregoire                 , CA INCMichael Davin                    , CYNOSURE INCMichael Burdiek                  , CALAMP CORPMichael Farrell                  , RESMED INCMichael McMullen                 , STILLWATER MINING COMichael Steib                    , XO GROUP INCMichael Brown                    , SYMANTEC CORPMichael Burandt                  , WAUSAU PAPER CORPMichael Isaacs                   , SCIENTIFIC GAMES CORPMichael Boustridge               , CIBER INCMichael Gianoni                  , BLACKBAUD INCMichael Weiss                    , EXPRESS INCMiles White                      , ABBOTT LABORATORIESMiles Allison                    , COMSTOCK RESOURCES INCMillard Drexler                  , J CREW GROUP INCMindy Grossman                   , HSN INCMitchell Hersh                   , MACK-CALI REALTY CORPMitchell Krebs                   , COEUR MINING INCMitchell Feiger                  , MB FINANCIAL INC/MDMogens Bay                       , VALMONT INDUSTRIES INCMohan Maheswaran                 , SEMTECH CORPMonte Redman                     , ASTORIA FINANCIAL CORPMontgomery Moran                 , CHIPOTLE MEXICAN GRILL INCMorris Goldfarb                  , G-III APPAREL GROUP LTDMorris Young PhD                 , AXT INCMoshe Gavrielov                  , XILINX INCMuhtar Kent                      , COCA-COLA COMurray Kessler                   , LORILLARD INCMyron Ullman III                 , PENNEY J C CON Linebarger                     , CUMMINS INCNancy Taylor                     , TREDEGAR CORPNaren Gursahaney                 , ADT CORPNeal Patterson                   , CERNER CORPNeal Keating                     , KAMAN CORPNecip Sayiner                    , INTERSIL CORP  -CL ANehemia Zucker                   , J2 GLOBAL INCNeil Cole                        , ICONIX BRAND GROUP INCNeil Hammer                      , COMMVAULT SYSTEMS INCNeil Nguyen                      , SIZMEK INCNeil Schrimsher                  , APPLIED INDUSTRIAL TECH INCNeill Davis                      , FRANCESCAS HOLDINGS CORPNicholas DeBenedictis            , AQUA AMERICA INCNicholas Pinchuk                 , SNAP-ON INCNicholas Deiuliis                , CONSOL ENERGY INCNicholas Akins                   , AMERICAN ELECTRIC POWER CONigel Travis                     , DUNKIN' BRANDS GROUP INCNitin Sahney                     , OMNICARE INCNorman Schwartz                  , BIO-RAD LABORATORIES INCNorman Chambers                  , NCI BUILDING SYSTEMS INCNorman Asbjornson                , AAON INCO Hall Jr                        , REGIONS FINANCIAL CORPO Smith                          , SONIC AUTOMOTIVE INC  -CL AOfer Elyakim                     , DSP GROUP INCOivind Lorentzen III             , SEACOR HOLDINGS INCOleg Khaykin                     , INTL RECTIFIER CORPOliver Brewer III                , CALLAWAY GOLF COOlivier Filliol                  , METTLER-TOLEDO INTL INCOmar Ishrak                      , MEDTRONIC PLCOwen Kratz                       , HELIX ENERGY SOLUTIONS GROUPOwen Thomas                      , BOSTON PROPERTIES INCPaal Kibsgaard                   , SCHLUMBERGER LTDPamela Patsley                   , MONEYGRAM INTERNATIONAL INCPaolo Pucci                      , ARQULE INCParamesh Gopi PhD                , APPLIED MICRO CIRCUITS CORPParesh Patel                     , HCI GROUP INCParker Petit                     , MIMEDX GROUP INCPatricia Woertz                  , ARCHER-DANIELS-MIDLAND COPatricia Vincent-Collawn         , PNM RESOURCES INCPatricia Kampling                , ALLIANT ENERGY CORPPatrick Lavelle                  , VOXX INTERNATIONAL CORPPatrick McHale                   , GRACO INCPatrick Harshman                 , HARMONIC INCPatrick Dempsey                  , BARNES GROUP INCPatrick Prevost                  , CABOT CORPPatrick Burke                    , HSBC FINANCE CORPPatrick Ramsey                   , MULTIMEDIA GAMES HOLDING COPatrick Hawkins                  , HAWKINS INCPatrick Henry                    , ENTROPIC COMMUNICATIONS INCPatrick Balthrop Sr              , LUMINEX CORPPatrick Smith                    , TASER INTERNATIONAL INCPatrick Decker                   , XYLEM INCPatrick Williams                 , INNOSPEC INCPatrizio Vinciarelli PhD         , VICOR CORPPatti Hart                       , INTL GAME TECHNOLOGYPaul Sarvadi                     , INSPERITY INCPaul Saville                     , NVR INCPaul McLaughlin                  , RUDOLPH TECHNOLOGIES INCPaul Rooke                       , LEXMARK INTL INC  -CL APaul Varga                       , BROWN FORMAN CORPPaul Diaz                        , KINDRED HEALTHCARE INCPaul Phipps                      , ESSENDANT INCPaul Greig                       , FIRSTMERIT CORPPaul Carrico                     , AXIALL CORPPaul Campanelli                  , PAR PHARMACEUTCL HLDGS -REDHPaul Arling                      , UNIVERSAL ELECTRONICS INCPaul Bisaro                      , ALLERGAN PLCPaul Marciano III                , GUESS INCPaul Dykstra                     , VIAD CORPPaul Johnston PhD PE             , EXPONENT INCPaul Perrault                    , BROOKLINE BANCORP INCPaul Reilly                      , RAYMOND JAMES FINANCIAL CORPPaul Sunu                        , FAIRPOINT COMMUNICATIONS INCPaul Rothamel                    , EZCORP INC  -CL APaul Manning                     , SENSIENT TECHNOLOGIES CORPPaul Black                       , ALLSCRIPTS HEALTHCARE SOLTNSPaul Howes                       , NEWPARK RESOURCESPaul Novelly II                  , FUTUREFUEL CORPPaul Galant                      , VERIFONE SYSTEMS INCPaul Idzik                       , E TRADE FINANCIAL CORPPaul Boynton                     , RAYONIER ADVANCED MATERIALSPaul Will                        , CELADON GROUP INCPaul Meister                     , INVENTIV HEALTH INCPehong Chen                      , BROADVISION INCPer-Olof Lf                      , KEMET CORPPeter Kalan                      , CSG SYSTEMS INTL INCPeter Delaney                    , OGE ENERGY CORPPeter McCormick                  , MAGNETEK INCPeter Dameris                    , ON ASSIGNMENT INCPeter Swinburn                   , MOLSON COORS BREWING COPeter Ho                         , BANK OF HAWAII CORPPeter Leparulo                   , NOVATEL WIRELESS INCPeter Thomas                     , FERRO CORPPeter Jakobsen                   , MEAD JOHNSON NUTRITION COPeter Arduini                    , INTEGRA LIFESCIENCES HLDGSPeter Altabef                    , MICROS SYSTEMS INCPeter Leav                       , POLYCOM INCPeter Liguori                    , TRIBUNE MEDIA COPhebe Novakovic                  , GENERAL DYNAMICS CORPPhil Rykhoek Sr                  , DENBURY RESOURCES INCPhilip Hadley                    , FACTSET RESEARCH SYSTEMS INCPhilip Mezey                     , ITRON INCPhilip Heasley                   , ACI WORLDWIDE INCPhilip Flynn                     , ASSOCIATED BANC-CORPPhilip Pead                      , PROGRESS SOFTWARE CORPPhilippe Dauman                  , VIACOM INCPhillip Tomlinson                , TOTAL SYSTEM SERVICES INCPhillip Norton                   , EPLUS INCPhillips Baker Jr                , HECLA MINING COPhupinder Gill                   , CME GROUP INCPierce Norton II                 , ONE GAS INCPierre Brondeau                  , FMC CORPPierre Nanterme                  , ACCENTURE PLCPrasad Rampalli                  , QLOGIC CORPQuintin Kneen                    , GULFMARK OFFSHORE INCR Johnson                        , HCA HOLDINGS INCR Walker                         , ANADARKO PETROLEUM CORPR Hanson                         , ION GEOPHYSICAL CORPR Woodall                        , BILL BARRETT CORPR Rouleau                        , TUESDAY MORNING CORPR Clyde                          , MURPHY USA INCRainer Jueckstock                , FEDERAL-MOGUL HOLDINGS CORPRaja Parvez                      , RUBICON TECHNOLOGY INCRajat Rai                        , AKORN INCRajesh Shrotriya MD              , SPECTRUM PHARMACEUTICALS INCRajiv De Silva                   , ENDO INTERNATIONAL PLCRakesh Sachdev                   , SIGMA-ALDRICH CORPRalph Babb Jr                    , COMERICA INCRalph Izzo PhD                   , PUBLIC SERVICE ENTRP GRP INCRalph Lauren                     , RALPH LAUREN CORPRalph Faison                     , PULSE ELECTRONICS CORPRalph Schlosstein                , EVERCORE PARTNERS INCRamesh Srinivasan                , BALLY TECHNOLOGIES INCRandall Hogan III                , PENTAIR PLCRandall Stephenson               , AT&T INCRandall Lipps                    , OMNICELL INCRandall Stuewe                   , DARLING INGREDIENTS INCRandall Dearth                   , CALGON CARBON CORPRandall Churchey CPA             , EDUCATION REALTY TRUST INCRandall Stilley                  , PARAGON OFFSHORE PLCRandolph Thornton Jr             , COMDISCO HOLDING CO INCRandolph Gress                   , INNOPHOS HOLDINGS INCRandolph Marten                  , MARTEN TRANSPORT LTDRandy Ramlo                      , UNITED FIRE GROUP INCRandy Potts                      , WINNEBAGO INDUSTRIESRandy Ortiz                      , LOJACK CORPRay Dillon                       , DELTIC TIMBER CORPRaymond Zinn                     , MICREL INCRaymond McDaniel Jr              , MOODY'S CORPRaymond Davis                    , UMPQUA HOLDINGS CORPRaymond Quirk                    , FIDELITY NATL FINL FNF GROUPRaymond Betler                   , WABTEC CORPRaymond Quinlan                  , SLM CORPRaymond Huggenberger             , INOGEN INCReece Kurtenbach                 , DAKTRONICS INCReed Hastings                    , NETFLIX INCRex Tillerson                    , EXXON MOBIL CORPRichard Smucker                  , SMUCKER JM CORichard Evans Jr                 , CULLEN/FROST BANKERS INCRichard Adkerson                 , FREEPORT-MCMORAN INCRichard Robinson                 , SCHOLASTIC CORPRichard Carrion                  , POPULAR INCRichard Davis                    , U S BANCORPRichard Templeton                , TEXAS INSTRUMENTS INCRichard Fairbank                 , CAPITAL ONE FINANCIAL CORPRichard Adams                    , UNITED BANKSHARES INC/WVRichard Penn                     , HUTCHINSON TECHNOLOGY INCRichard Kinder                   , KINDER MORGAN INCRichard Moberg                   , AWARE INCRichard Parod                    , LINDSAY CORPRichard Boehne                   , EW SCRIPPS  -CL ARichard Harshman                 , ALLEGHENY TECHNOLOGIES INCRichard Montoni                  , MAXIMUS INCRichard Dugas Jr                 , PULTEGROUP INCRichard Giromini                 , WABASH NATIONAL CORPRichard Wallace                  , KLA-TENCOR CORPRichard Hamada                   , AVNET INCRichard Kramer                   , GOODYEAR TIRE & RUBBER CORichard Hipple                   , MATERION CORPRichard Spurr                    , ZIX CORPRichard Smith                    , EQUIFAX INCRichard Campo                    , CAMDEN PROPERTY TRUSTRichard Anderson                 , DELTA AIR LINES INCRichard Brooks Jr                , ZUMIEZ INCRichard Dreiling                 , DOLLAR GENERAL CORPRichard Norwitt                  , AMPHENOL CORPRichard Daly                     , BROADRIDGE FINANCIAL SOLUTNSRichard Noll                     , HANESBRANDS INCRichard Hayne                    , URBAN OUTFITTERS INCRichard Meeusen                  , BADGER METER INCRichard Weil JD                  , JANUS CAPITAL GROUP INCRichard Garneau                  , RESOLUTE FOREST PRODUCTS INCRichard Matros                   , SABRA HEALTH CARE REIT INCRichard Bergman                  , SYNAPTICS INCRichard McVey                    , MARKETAXESS HOLDINGS INCRichard Gonzalez                 , ABBVIE INCRichard Kyle                     , TIMKEN CORichard O'Dell                   , SAIA INCRichard Handler                  , LEUCADIA NATIONAL CORPRichard Fain                     , ROYAL CARIBBEAN CRUISES LTDRichard Muncrief                 , WPX ENERGY INCRick Holley                      , PLUM CREEK TIMBER CO INCRick Wessel                      , FIRST CASH FINANCIAL SVCSRobert Spilman Jr                , BASSETT FURNITURE INDSRobert Wilmers                   , M & T BANK CORPRobert Sands II                  , CONSTELLATION BRANDS  -CL ARobert Weiss                     , COOPER COMPANIES INCRobert Myers                     , CASEYS GENERAL STORES INCRobert Whitman                   , FRANKLIN COVEY CORobert Friel                     , PERKINELMER INCRobert Stanzione                 , ARRIS GROUP INCRobert Mehrabian                 , TELEDYNE TECHNOLOGIES INCRobert Johnston                  , OVERSEAS SHIPHOLDING GROUPRobert Iger                      , DISNEY WALT CORobert Phillippy                 , NEWPORT CORPRobert McCormick                 , TRUSTCO BANK CORP/NYRobert Niblock                   , LOWE'S COMPANIES INCRobert Parkinson Jr              , BAXTER INTERNATIONAL INCRobert Skaggs Jr                 , NISOURCE INCRobert Monson                    , SEITEL INCRobert Edwards                   , SAFEWAY INCRobert Goergen Jr                , BLYTH INCRobert Dennis                    , GENESCO INCRobert Schottenstein             , M/I HOMES INCRobert Sprowls                   , AMERICAN STATES WATER CORobert Greenberg                 , SKECHERS U S A INCRobert Sulentic                  , CBRE GROUP INCRobert Pollock                   , ASSURANT INCRobert Gasser                    , INVESTMENT TECHNOLOGY GP INCRobert Dutkowsky                 , TECH DATA CORPRobert Sinnott MNS PhD           , MANNATECH INCRobert Ortberg                   , ROCKWELL COLLINS INCRobert Sanchez                   , RYDER SYSTEM INCRobert Eck                       , ANIXTER INTL INCRobert Bradway                   , AMGEN INCRobert Wagman                    , LKQ CORPRobert Jones                     , OLD NATIONAL BANCORPRobert Greifeld                  , NASDAQ OMX GROUP INCRobert Davis                     , RENT-A-CENTER INCRobert Antin                     , VCA INCRobert Carr                      , HEARTLAND PAYMENT SYSTEMSRobert Rowe Esq                  , NORTHWESTERN CORPRobert Willett                   , COGNEX CORPRobert Livingston                , DOVER CORPRobert Patterson                 , POLYONE CORPRobert Marcus                    , TIME WARNER CABLE INCRobert Hugin MBA                 , CELGENE CORPRobert Jornayvaz III             , INTREPID POTASH INCRobert Benmosche                 , AMERICAN INTERNATIONAL GROUPRobert Alderson                  , KIRKLAND'S INCRobert Saltiel                   , ATWOOD OCEANICSRobert Taubman                   , TAUBMAN CENTERS INCRobert Eberle                    , BOTTOMLINE TECHNOLOGIES INCRobert Yorgensen                 , STR HOLDINGS INCRobert Cubbin                    , MEADOWBROOK INS GROUP INCRobert LoCascio                  , LIVEPERSON INCRobert Larney                    , CDI CORPRobert Lynch                     , LUMBER LIQUIDATORS HLDGS INCRobert Flexon                    , DYNEGY INCRobert Frist Jr                  , HEALTHSTREAM INCRobert Martin                    , THOR INDUSTRIES INCRobert Thomson                   , NEWS CORPRobert Apatoff                   , FTD COMPANIES INCRobert Carrigan                  , DUN & BRADSTREET CORPRobert Philpott                  , HARTE HANKS INCRobert Wetherbee                 , MINERALS TECHNOLOGIES INCRobert Lawler                    , CHESAPEAKE ENERGY CORPRobert Workman                   , NOW INCRobert Currey                    , CONSOLIDATED COMM HLDGS INCRobert Abernathy                 , HALYARD HEALTH INCRobert Pagano Jr                 , WATTS WATER TECHNOLOGIES INCRobert Fish                      , GENESIS HEALTHCARE CORPRobert Dickey                    , GANNETT CO INCRobert Skaggs Jr                 , COLUMBIA PIPELINE GROUP INCRobin Raina                      , EBIX INCRodney O'Neal                    , DELPHI AUTOMOTIVE PLCRodney Sacks HDipLaw H           , MONSTER BEVERAGE CORPRodney Hershberger               , PGT INCRoger Medel MD                   , MEDNAX INCRoger Fix                        , STANDEX INTERNATIONAL CORPRoger Waesche Jr                 , CORP OFFICE PPTYS TR INCRoger Jenkins                    , MURPHY OIL CORPRoger Stone                      , KAPSTONE PAPER & PACKAGINGRoger Wood                       , DANA HOLDING CORPRoger Krone                      , LEIDOS HOLDINGS INCRohit Kapoor                     , EXLSERVICE HOLDINGS INCRoland Smith                     , OFFICE DEPOT INCRoman Blanco                     , SANTANDER HOLDINGS USA INCRon Cohen MD                     , ACORDA THERAPEUTICS INCRonald Shaich                    , PANERA BREAD CORonald Sargent                   , STAPLES INCRonald Duncan                    , GENERAL COMMUNICATION  -CL ARonald Mittelstaedt              , WASTE CONNECTIONS INCRonald Hermance Jr               , HUDSON CITY BANCORP INCRonald Havner Jr                 , PUBLIC STORAGERonald Tanski                    , NATIONAL FUEL GAS CORonald Nelson                    , AVIS BUDGET GROUP INCRonald DeFeo                     , TEREX CORPRonald Croatti                   , UNIFIRST CORPRonald Kramer                    , GRIFFON CORPRonald Kruszewski                , STIFEL FINANCIAL CORPRonald Armstrong                 , PACCAR INCRonald Jibson                    , QUESTAR CORPRonald Allen                     , AARON'S INCRonald LaBorde                   , AMEDISYS INCRonald Black PhD                 , RAMBUS INCRonald Kochman                   , VOLT INFO SCIENCES INCRonald Stewart                   , PRGX GLOBAL INCRonald Nersesian                 , KEYSIGHT TECHNOLOGIES INCRory Read                        , ADVANCED MICRO DEVICESRoy Whitehead                    , WASHINGTON FEDERAL INCRoy Armes                        , COOPER TIRE & RUBBER CORussell Goldsmith II             , CITY NATIONAL CORPRussell Fradin                   , SUNGARD DATA SYSTEMS INCRyan Lance                       , CONOCOPHILLIPSS Kannappan                      , PLANTRONICS INCS Passman III                    , CARMIKE CINEMAS INCSally Smith                      , BUFFALO WILD WINGS INCSalvatore Iannuzzi               , MONSTER WORLDWIDE INCSalvatore Guccione               , ACETO CORPSam Reed                         , TREEHOUSE FOODS INCSammy Duncan                     , SUPERVALU INCSamuel Allen                     , DEERE & COSamuel Thomas                    , CHART INDUSTRIES INCSandeep Mathrani                 , GENERAL GROWTH PPTYS INCSandra Cochran                   , CRACKER BARREL OLD CTRY STORSanford Ibrahim                  , RADIAN GROUP INCSanjay Mehrotra                  , SANDISK CORPSardar Biglari                   , BIGLARI HOLDINGS INCScott Sheffield                  , PIONEER NATURAL RESOURCES COScott Morris                     , AVISTA CORPScott Stowell                    , STANDARD PACIFIC CORPScott McGregor                   , BROADCOM CORP  -CL AScott Anderson                   , PATTERSON COMPANIES INCScott Bok JD                     , GREENHILL & CO INCScott Wine                       , POLARIS INDUSTRIES INCScott Donnelly                   , TEXTRON INCScott Fainor                     , NATIONAL PENN BANCSHARES INCScott Seymour                    , AEROJET ROCKETDYNE HOLDINGSScott Howe                       , ACXIOM CORPScott Dolan                      , CASTLE A M & COScott Buckhout                   , CIRCOR INTL INCScott Steffey                    , CAREER EDUCATION CORPScott Scherr                     , ULTIMATE SOFTWARE GROUP INCScott Prochazka                  , CENTERPOINT ENERGY INCSean Healey JD                   , AFFILIATED MANAGERS GRP INCSean Reilly                      , LAMAR ADVERTISING CO  -CL ASean Downes                      , UNIVERSAL INSURANCE HLDGSSerge Matta                      , COMSCORE INCShane Fleming                    , CYTEC INDUSTRIES INCShantanu Narayen                 , ADOBE SYSTEMS INCShaun McAlmont                   , LINCOLN EDUCATIONAL SERVICESShaygan Kheradpir PhD            , JUNIPER NETWORKS INCShelly Ibach                     , SELECT COMFORT CORPSherilyn McCoy                   , AVON PRODUCTSShirley Singleton                , EDGEWATER TECHNOLOGY INCSohaib Abbasi                    , INFORMATICA CORPSpencer Kirk                     , EXTRA SPACE STORAGE INCStanley Bergman                  , SCHEIN HENRY INCStanley Askren                   , HNI CORPStanley Galanski                 , NAVIGATORS GROUP INCStanley Kuriyama                 , ALEXANDER & BALDWIN INCSten Gustafson                   , ERA GROUP INCStephane Gonthier LLB MBA        , 99 CENTS ONLY STORESStephanie Streeter               , LIBBEY INCStephen Sanghi                   , MICROCHIP TECHNOLOGY INCStephen Hagge                    , APTARGROUP INCStephen Chazen                   , OCCIDENTAL PETROLEUM CORPStephen Hemsley                  , UNITEDHEALTH GROUP INCStephen Lacy                     , MEREDITH CORPStephen Berman                   , JAKKS PACIFIC INCStephen Angel                    , PRAXAIR INCStephen Luczo                    , SEAGATE TECHNOLOGY PLCStephen Milligan                 , WESTERN DIGITAL CORPStephen Zarrilli CPA             , SAFEGUARD SCIENTIFICS INCStephen Holmes                   , WYNDHAM WORLDWIDE CORPStephen Romaine                  , TOMPKINS FINANCIAL CORPStephen Wynn                     , WYNN RESORTS LTDStephen MacAdam                  , ENPRO INDUSTRIES INCStephen Smith                    , EQUINIX INCStephen Hooley                   , DST SYSTEMS INCStephen Steinour                 , HUNTINGTON BANCSHARESStephen Smith                    , WILEY JOHN & SONS  -CL AStephen Schwartz                 , BROOKS AUTOMATION INCStephen Waldis                   , SYNCHRONOSS TECHNOLOGIESStephen Carley                   , RED ROBIN GOURMET BURGERSStephen Weisz                    , MARRIOTT VACATIONS WORLDWIDEStephen Kaufer                   , TRIPADVISOR INCStephen Rusckowski               , QUEST DIAGNOSTICS INCStephen Macmillan                , HOLOGIC INCSteven Ballmer                   , MICROSOFT CORPSteven Klosk                     , CAMBREX CORPSteven Temares                   , BED BATH & BEYOND INCSteven Nielsen                   , DYCOM INDUSTRIES INCSteven Berglund                  , TRIMBLE NAVIGATION LTDSteven Anderson                  , CRYOLIFE INCSteven Cooper                    , TRUEBLUE INCSteven Collis                    , AMERISOURCEBERGEN CORPSteven Shindler                  , NII HOLDINGS INCSteven Kriegsman                 , CYTRX CORPSteven Voorhees                  , WESTROCK COSteven Hilton                    , MERITAGE HOMES CORPSteven Demetriou                 , ALERIS CORPSteven Roth                      , VORNADO REALTY TRUSTSteven Newman                    , TRANSOCEAN LTDSteven Laub                      , ATMEL CORPSteven Davis                     , BOB EVANS FARMSSteven Miller                    , BIG 5 SPORTING GOODS CORPSteven Tanger                    , TANGER FACTORY OUTLET CTRSSteven Fredrickson               , PRA GROUP INCSteven Johnston FCAS MAAA        , CINCINNATI FINANCIALCORPSteven Mueller                   , SOUTHWESTERN ENERGY COSteven Kandarian JD              , METLIFE INCSteven Plochocki                 , QUALITY SYSTEMS INCSteven Rowley                    , EAGLE MATERIALS INCSteven Spinner                   , UNITED NATURAL FOODS INCSteven Mollenkopf                , QUALCOMM INCSteven Rathgaber                 , CARDTRONICS INCSteven Morgan                    , HANCOCK FABRICS INCSteven Berman                    , DORMAN PRODUCTS INCSteven Streit                    , GREEN DOT CORPSteven Anenen                    , CDK GLOBAL INCSteven Gunby JD                  , FTI CONSULTING INCStrauss Zelnick Esq JD           , TAKE-TWO INTERACTIVE SFTWRStuart Miller                    , LENNAR CORPStuart Brightman                 , TETRA TECHNOLOGIES INC/DEStuart Tanz                      , RETAIL OPPORTUNITY INVTS CPStuart Bradie                    , KBR INCStuart Rose                      , REX AMERICAN RESOURCES CORPSudhir Singh                     , CONCUR TECHNOLOGIES INCSusan Cameron                    , REYNOLDS AMERICAN INCSusan Salka                      , AMN HEALTHCARE SERVICES INCSuzanne Sitherwood               , LACLEDE GROUP INCSylvester Johnson Jr IV          , CARRIZO OIL & GAS INCT Rodgers PhD                    , CYPRESS SEMICONDUCTOR CORPT Eglin                          , LEXINGTON REALTY TRUSTT Hunt                           , VASCO DATA SEC INTL INCTarek Sherif                     , MEDIDATA SOLUTIONS INCTerrance Finley                  , BOOKS-A-MILLION INCTerry Lundgren                   , MACY'S INCTerry Swift                      , SWIFT ENERGY COTerry McCallister                , WGL HOLDINGS INCTerry Considine JD               , APARTMENT INVST & MGMT COTerry Bassham                    , GREAT PLAINS ENERGY INCTerry Spencer                    , ONEOK INCTerry Zink                       , CASCADE BANCORPTheodore Craver Jr               , EDISON INTERNATIONALTheodore Torbeck                 , CINCINNATI BELL INCThinh Tran                       , SIGMA DESIGNS INCThomas Gallagher                 , GENUINE PARTS COThomas Falk                      , KIMBERLY-CLARK CORPThomas Gottwald                  , NEWMARKET CORPThomas Wilson II                 , ALLSTATE CORPThomas Skains                    , PIEDMONT NATURAL GAS COThomas Faust Jr CFA              , EATON VANCE CORPThomas Farrell II                , DOMINION RESOURCES INCThomas Stanton                   , ADTRAN INCThomas Watjen                    , UNUM GROUPThomas Gendron                   , WOODWARD INCThomas Malkoski                  , PENFORD CORPThomas Toomey                    , UDR INCThomas Ryan                      , SERVICE CORP INTERNATIONALThomas Fanning                   , SOUTHERN COThomas Jorden                    , CIMAREX ENERGY COThomas Quinlan III               , DONNELLEY R R & SONS COThomas Hook                      , GREATBATCH INCThomas Monahan III               , CEB INCThomas Chubb III                 , OXFORD INDUSTRIES INCThomas Burke                     , MODINE MANUFACTURING COThomas Georgens                  , NETAPP INCThomas Patterson                 , BASIC ENERGY SERVICES INCThomas Waechter                  , VIAVI SOLUTIONS INCThomas Felmer                    , BRADY CORPThomas Lynch                     , TE CONNECTIVITY LTDThomas Johnson                   , AEROPOSTALE INCThomas Folliard                  , CARMAX INCThomas Price                     , FIRST COMMONWLTH FINL CP/PAThomas Prescott                  , ALIGN TECHNOLOGY INCThomas Carson                    , ROVI CORPThomas Motamed                   , CNA FINANCIAL CORPThomas Millner                   , CABELAS INCThomas Peterffy                  , INTERACTIVE BROKERS GROUPThomas Burke                     , ROWAN COS PLCThomas Richards                  , CDW CORPThomas Schievelbein              , BRINKS COThomas Casey                     , TRONOX LTDThomas May                       , EVERSOURCE ENERGYThomas Shockley III              , EL PASO ELECTRIC COThomas Ray JD                    , CORESITE REALTY CORPThomas Carlile                   , BOISE CASCADE COThomas Edman                     , TTM TECHNOLOGIES INCThomas Kennedy PhD               , RAYTHEON COThomas Lacey                     , TESSERA TECHNOLOGIES INCThomas McInerney                 , GENWORTH FINANCIAL INCThomas Giacomini                 , JOHN BEAN TECHNOLOGIESThomas Ferguson                  , AZZ INCThomas Stabley                   , REX ENERGY CORPThomas Leverton                  , CEC ENTERTAINMENT INCThomas Sanzone                   , BLACK KNIGHT FINANCIAL SVCSThomas DeRosa                    , HEALTH CARE REIT INCThomas Might                     , CABLE ONE INCTimothy Wallace                  , TRINITY INDUSTRIESTimothy Ring                     , BARD CR INCTimothy Cook                     , APPLE INCTimothy Naughton                 , AVALONBAY COMMUNITIES INCTimothy Mayopoulos               , FANNIE MAETimothy Conver                   , AEROVIRONMENT INCTimothy Armstrong                , AOL INCTimothy Stultz PhD               , NANOMETRICS INCTimothy Warner                   , CINEMARK HOLDINGS INCTimothy Biltz                    , LUMOS NETWORKS CORPTimothy Leuliette                , VISTEON CORPTodd Teske                       , BRIGGS & STRATTONTodd Hornbeck                    , HORNBECK OFFSHORE SVCS INCTodd Bluedorn                    , LENNOX INTERNATIONAL INCTodd Brice                       , S & T BANCORP INCTodd Becker                      , GREEN PLAINS INCTodd Stevens                     , CALIFORNIA RESOURCES CORPTom Olofson                      , EPIQ SYSTEMS INCTony Jensen                      , ROYAL GOLD INCTracy Wolstencroft               , HEIDRICK & STRUGGLES INTLTrevor Fetter                    , TENET HEALTHCARE CORPTroy Clarke                      , NAVISTAR INTERNATIONAL CORPTunc Doluca                      , MAXIM INTEGRATED PRODUCTSUrsula Burns                     , XEROX CORPValentin Gapontsev PhD           , IPG PHOTONICS CORPVernon Nagel                     , ACUITY BRANDS INCVictor Richey Jr                 , ESCO TECHNOLOGIES INCVictor Clemons Sr                , CORVEL CORPVikram Verma                     , 8X8 INCVincent Forlenza                 , BECTON DICKINSON & COVincent Palagiano                , DIME COMMUNITY BANCSHARESVincent Roche                    , ANALOG DEVICESVincent Kelly                    , SPOK HOLDINGS INCVincent Delie Jr                 , F N B CORP/FLVincent Volpe Jr                 , DRESSER-RAND GROUP INCVirginia Rometty                 , INTL BUSINESS MACHINES CORPVivek Jain                       , ICU MEDICAL INCW McMullen                       , KROGER COW Jelinek                        , COSTCO WHOLESALE CORPW McNerney Jr                    , BOEING COW Walter                         , HOST HOTELS & RESORTS INCW Will                           , CF INDUSTRIES HOLDINGS INCW Moreland                       , CROWN CASTLE INTL CORPW Vernon                         , KRAFT FOODS GROUP INCWalden Rhines                    , MENTOR GRAPHICS CORPWallace Boston Jr EdD            , AMERICAN PUBLIC EDUCATIONWalter Robb III                  , WHOLE FOODS MARKET INCWalter Bettinger II              , SCHWAB CHARLES CORPWalter Rosebrough Jr             , STERIS CORPWalter Turner                    , KOPPERS HOLDINGS INCWalter Wheeler                   , GEOSPACE TECHNOLOGIES CORPWalter Herlihy PhD               , REPLIGEN CORPWard Klein                       , EDGEWELL PERSONAL CARE COWard Timken Jr                   , TIMKENSTEEL CORPWarner Baxter CPA                , AMEREN CORPWarren Buffett                   , BERKSHIRE HATHAWAYWarren Rustand                   , PROVIDENCE SERVICE CORPWayne Smith                      , COMMUNITY HEALTH SYSTEMS INCWayne Taylor                     , TEXAS ROADHOUSE INCWendell Weeks                    , CORNING INCWendell Blonigan                 , INTEVAC INCWendy Simpson                    , LTC PROPERTIES INCWesley Bush                      , NORTHROP GRUMMAN CORPWeston Hicks CFA                 , ALLEGHANY CORPWillard Oberton                  , FASTENAL COWilliam Dillard II               , DILLARDS INC  -CL AWilliam Ruprecht                 , SOTHEBY'SWilliam Cooper                   , TCF FINANCIAL CORPWilliam Berkley                  , BERKLEY W R CORPWilliam Reuter                   , SUSQUEHANNA BANCSHARES INCWilliam Cook                     , DONALDSON CO INCWilliam Sullivan                 , AGILENT TECHNOLOGIES INCWilliam Carpenter III            , LIFEPOINT HEALTH INCWilliam Ford Jr                  , FORD MOTOR COWilliam Demchak                  , PNC FINANCIAL SVCS GROUP INCWilliam Boyle MBA                , CUBIC CORPWilliam Noglows                  , CABOT MICROELECTRONICS CORPWilliam Crenshaw                 , PUBLIX SUPER MARKETS INCWilliam Stone                    , SS&C TECHNOLOGIES HLDGS INCWilliam Rhodes III               , AUTOZONE INCWilliam Nuti                     , NCR CORPWilliam Lambert                  , MSA SAFETY INCWilliam Rogers Jr                , SUNTRUST BANKS INCWilliam Flynn                    , ATLAS AIR WORLDWIDE HLDG INCWilliam McGill Jr                , MARINEMAX INCWilliam Wilcox                   , UNITED SURGICAL PRTNRS -OLDWilliam Spence                   , PPL CORPWilliam Kessel CPA               , INDEPENDENT BANK CORP/MIWilliam Lucia FLMI               , HMS HOLDINGS CORPWilliam Locke                    , PIONEER ENERGY SERVICES CORPWilliam Starnes JD Esq           , PROASSURANCE CORPWilliam Smith Jr                 , SMITH MICRO SOFTWARE INCWilliam Jasper                   , UNIFI INCWilliam DeLaney III              , SYSCO CORPWilliam Hankowsky                , LIBERTY PROPERTY TRUSTWilliam Saxelby                  , LANDAUER INCWilliam Yarmuth                  , ALMOST FAMILY INCWilliam Angrick III              , LIQUIDITY SERVICES INCWilliam Ruckelshaus              , BLUCORA INCWilliam Wulfsohn                 , CARPENTER TECHNOLOGY CORPWilliam Wagner                   , NORTHWEST BANCSHARES INCWilliam Bayless Jr               , AMERICAN CAMPUS COMMUNITIESWilliam Lovette                  , PILGRIM'S PRIDE CORPWilliam Thomas                   , EOG RESOURCES INCWilliam Cobb                     , BLOCK H & R INCWilliam Hawkins III              , IMMUCOR INCWilliam Ballhaus                 , SRA INTERNATIONAL INCWilliam Brown                    , HARRIS CORPWilliam Merritt                  , INTERDIGITAL INCWilliam Lansing JD               , FAIR ISAAC CORPWilliam Stiritz                  , POST HOLDINGS INCWilliam Hendricks Jr             , PATTERSON-UTI ENERGY INCWilliam Griffiths                , QUANEX BUILDING PRODUCTSWilliam Meaney BSc MEng M        , IRON MOUNTAIN INCWilliam Grubbs                   , CROSS COUNTRY HEALTHCARE INCWilliam Parker                   , AMERICAN AIRLINES GROUP INCWilliam Scaff Jr                 , SYNERGY RESOURCES CORPWilliam Marth                    , ALBANY MOLECULAR RESH INCWilliam Walker                   , WALKER & DUNLOP INCWilliam Koertner                 , MYR GROUP INCWilling Biddle                   , URSTADT BIDDLE PROPERTIESWyman Roberts                    , BRINKER INTL INC